[{
  "_id": {
    "$oid": "635e69c1f0d7593da60ffe2d"
  },
  "name": "Chocolate cake",
  "cals": 700,
  "price": 40,
  "category_id": "cakes"
},{
  "_id": {
    "$oid": "6379f7723b78c688ce42323a"
  },
  "name": "Olives pizza",
  "cals": 500,
  "price": 50,
  "__v": 0,
  "category_id": "Italy"
},{
  "_id": {
    "$oid": "635e69c1f0d7593da60ffe2f"
  },
  "name": "Pizza",
  "cals": 600,
  "price": 35,
  "category_id": "Italy"
},{
  "_id": {
    "$oid": "6370b8c7f8486e2462b2e6d0"
  },
  "name": "Shakshoka",
  "cals": 600,
  "price": 35,
  "__v": 0,
  "category_id": "Italy"
},{
  "_id": {
    "$oid": "63676e2676342633fee76e60"
  },
  "name": "Apple pie",
  "cals": 314,
  "price": 15,
  "__v": 0,
  "category_id": "cakes"
},{
  "_id": {
    "$oid": "6379f8603b78c688ce42323e"
  },
  "name": "Mushrooms pizza",
  "cals": 500,
  "price": 45,
  "__v": 0,
  "category_id": "Italy"
},{
  "_id": {
    "$oid": "63835cf3a277f76effa3a182"
  },
  "name": "Corn pizza",
  "cals": 500,
  "price": 45,
  "category_id": "Italy",
  "__v": 0
},{
  "_id": {
    "$oid": "635e69c1f0d7593da60ffe2e"
  },
  "name": "Orange cake",
  "cals": 700,
  "price": 45,
  "category_id": "cakes"
},{
  "_id": {
    "$oid": "635e6a7bf0d7593da60ffe30"
  },
  "name": "Pasta",
  "cals": 600,
  "price": 45,
  "category_id": "Italy"
},{
  "_id": {
    "$oid": "636779c1b9d241a35b32ca03"
  },
  "name": "Kiwi pie",
  "cals": 500,
  "price": 32,
  "__v": 0,
  "category_id": "cakes"
},{
  "_id": {
    "$oid": "6379f8333b78c688ce42323c"
  },
  "name": "Corn pizza",
  "cals": 500,
  "price": 50,
  "__v": 0,
  "category_id": "Italy"
},{
  "_id": {
    "$oid": "639590066136e6f434f392d5"
  },
  "name": "Pasto pasta",
  "cals": 500,
  "price": 55,
  "category_id": "Italy",
  "__v": 0
},{
  "_id": {
    "$oid": "639590b96136e6f434f392d8"
  },
  "name": "Black coffee",
  "cals": 70,
  "price": 15,
  "category_id": "Drinks",
  "__v": 0
},{
  "_id": {
    "$oid": "639591246136e6f434f392da"
  },
  "name": "Chocolate icecream",
  "cals": 350,
  "price": 22,
  "category_id": "icecream",
  "__v": 0
},{
  "_id": {
    "$oid": "639b78a9e9f75cf0128af72c"
  },
  "name": "Pizza margrita",
  "cals": 400,
  "price": 45,
  "category_id": "Italy",
  "__v": 0
},{
  "_id": {
    "$oid": "639c2d0c71d6d842172c0103"
  },
  "name": "bbbbbbb",
  "cals": 400,
  "price": 45,
  "category_id": "Italy",
  "__v": 0
}]